activation_function,learning_rate,epochs,accuracy
step_func,0.01,100,0.7207792207792207
step_func,0.01,500,0.7207792207792207
sig,0.01,100,0.0
sig,0.01,500,0.0
relu,0.01,100,0.12337662337662338
relu,0.01,500,0.12337662337662338
step_func,0.1,100,0.7597402597402597
step_func,0.1,500,0.7792207792207793
sig,0.1,100,0.0
sig,0.1,500,0.0
relu,0.1,100,0.045454545454545456
relu,0.1,500,0.045454545454545456
